year,donor_name,Health ODA (including COVID-19),Health ODA
2015,Canada,1341.627864,1341.627864
2016,Canada,1220.958144,1220.958144
2017,Canada,1358.162832,1358.162832
2018,Canada,1376.4791209999999,1376.4791209999999
2019,Canada,1311.582182,1311.582182
2020,Canada,1257.53846,903.073944
2021,Canada,2696.25733,869.9629580000001
2022,Canada,2214.900884,905.306202
2023,Canada,1629.0832850000002,874.6814870000001
