year,donor_name,Health ODA (including COVID-19),Health ODA
2015,Canada,1325.1962686320494,1325.1962686320494
2016,Canada,1206.0043463091968,1206.0043463091968
2017,Canada,1341.5287785300065,1341.5287785300065
2018,Canada,1359.6207097033428,1359.6207097033428
2019,Canada,1295.5185755733,1295.5185755733
2020,Canada,1242.1366640925985,892.0134643900967
2021,Canada,2663.2348267354027,859.308028601349
2022,Canada,2187.77376765656,894.2184358426011
