year,donor_name,Health ODA (including COVID-19),Health ODA
2015,Canada,1288.0871415573533,1288.0871415573533
2016,Canada,1168.0670258383525,1168.0670258383525
2017,Canada,1301.0398079488511,1301.0398079488511
2018,Canada,1323.0513132766482,1323.0513132766482
2019,Canada,1247.9872046470766,1247.9872046470766
2020,Canada,1191.289975981922,847.7053170487632
2021,Canada,2634.687456324592,817.4556829867049
2022,Canada,2142.6261223899537,839.5697073597961
2023,Canada,1515.8541580829738,772.7959330036458
