year,donor_name,Health ODA (including COVID-19),Health ODA
2015,EU Institutions,757.235517,757.235517
2016,EU Institutions,1086.999043,1086.999043
2017,EU Institutions,1241.6566579999999,1241.6566579999999
2018,EU Institutions,781.046001,781.046001
2019,EU Institutions,935.9004150000001,935.9004150000001
2020,EU Institutions,1129.412843,876.039582
2021,EU Institutions,1790.906075,249.511923
2022,EU Institutions,1559.544512,278.062777
2023,EU Institutions,1027.787184,372.296803
