year,donor_name,Health ODA (including COVID-19),Health ODA
2015,EU Institutions,716.7715153598323,716.7715153598323
2016,EU Institutions,1028.9135832981674,1028.9135832981674
2017,EU Institutions,1175.3068754469305,1175.3068754469305
2018,EU Institutions,739.3095762970383,739.3095762970383
2019,EU Institutions,885.889106426605,885.889106426605
2020,EU Institutions,1069.0609277618091,829.2270512269745
2021,EU Institutions,1695.2062372323949,236.1788710752026
2022,EU Institutions,1476.2078624580768,263.2040632395781
