year,donor_name,Health ODA (including COVID-19),Health ODA
2015,France,725.7364147027226,725.7364147027226
2016,France,837.6815542605501,837.6815542605501
2017,France,764.5025226499567,764.5025226499567
2018,France,855.2555173120315,855.2555173120315
2019,France,882.994066889037,882.994066889037
2020,France,945.3451555219308,699.7646828009154
2021,France,1809.3275214059022,866.0146912153664
2022,France,1840.9593274456536,832.9256865384767
2023,France,1521.5007991507673,847.833407802221
