year,donor_name,Health ODA (including COVID-19),Health ODA
2015,France,690.833884052425,690.833884052425
2016,France,795.8494285562463,795.8494285562463
2017,France,726.5901806007043,726.5901806007043
2018,France,812.6439228275067,812.6439228275067
2019,France,841.043549769768,841.043549769768
2020,France,901.80277851251,668.5141143960838
2021,France,1722.08119790959,826.2118401743928
2022,France,1756.205583193631,798.6130534219528
