year,donor_name,Health ODA (including COVID-19),Health ODA
2015,France,765.896088,765.896088
2016,France,883.544815,883.544815
2017,France,820.634935,820.634935
2018,France,905.376321,905.376321
2019,France,934.861472,934.861472
2020,France,992.615802,744.549353
2021,France,1849.2387760000001,886.037521
2022,France,1873.29207,837.892842
2023,France,1547.679748,852.460681
