year,donor_name,Health ODA (including COVID-19),Health ODA
2015,Germany,1102.7710889999998,1102.7710889999998
2016,Germany,1285.7703569999999,1285.7703569999999
2017,Germany,1411.008464,1411.008464
2018,Germany,1461.764511,1461.764511
2019,Germany,1512.780452,1512.780452
2020,Germany,3199.07021,1638.675027
2021,Germany,4468.114341,2341.823406
2022,Germany,4198.836946,1579.862275
2023,Germany,2061.78112,1230.806679
