year,donor_name,Health ODA (including COVID-19),Health ODA
2015,Germany,998.5538672822572,998.5538672822572
2016,Germany,1164.0856514040042,1164.0856514040042
2017,Germany,1271.5405447927137,1271.5405447927137
2018,Germany,1320.411078716052,1320.411078716052
2019,Germany,1371.6519656028952,1371.6519656028952
2020,Germany,2962.781434970458,1497.79139842588
2021,Germany,4162.68150097771,2187.207183409865
2022,Germany,3921.221106059793,1491.75367658843
