year,donor_name,Health ODA (including COVID-19),Health ODA
2015,Germany,1052.0625252842424,1052.0625252842424
2016,Germany,1173.507406055052,1173.507406055052
2017,Germany,1283.73396133774,1283.73396133774
2018,Germany,1339.9749076271853,1339.9749076271853
2019,Germany,1397.2392637730563,1397.2392637730563
2020,Germany,3083.5975501315734,1527.7890351338592
2021,Germany,4354.532044592629,2258.0473756379574
2022,Germany,4089.0343622235537,1510.9494357527888
2023,Germany,1900.7948547916242,1115.8738660675435
