year,donor_name,Health ODA (including COVID-19),Health ODA
2015,Italy,180.1715090189546,180.1715090189546
2016,Italy,214.46903449597636,214.46903449597636
2017,Italy,231.50460225111226,231.50460225111226
2018,Italy,278.6840227914654,278.6840227914654
2019,Italy,283.6678271109491,283.6678271109491
2020,Italy,283.25212061233896,216.62857052186848
2021,Italy,883.5046885493682,556.5523606100994
2022,Italy,666.7468881730709,330.1309700723301
