year,donor_name,Health ODA (including COVID-19),Health ODA
2015,Italy,215.878217,215.878217
2016,Italy,250.15694,250.15694
2017,Italy,276.553629,276.553629
2018,Italy,324.395405,324.395405
2019,Italy,328.339024,328.339024
2020,Italy,325.477984,254.33936699999998
2021,Italy,946.4215919999999,591.58983
2022,Italy,712.183607,341.598558
2023,Italy,370.00487,182.511825
