year,donor_name,Health ODA (including COVID-19),Health ODA
2015,Italy,167.1095684456037,167.1095684456037
2016,Italy,202.1494634472645,202.1494634472645
2017,Italy,216.19648500155898,216.19648500155898
2018,Italy,260.649123663435,260.649123663435
2019,Italy,264.3951099203667,264.3951099203667
2020,Italy,265.2083699073694,196.58116204132605
2021,Italy,892.4300151152177,552.7149491991062
2022,Italy,657.565800650763,307.61082455058613
2023,Italy,316.3772815358213,147.65523269091375
