year,donor_name,Health ODA (including COVID-19),Health ODA
2015,Netherlands,538.021062,538.021062
2016,Netherlands,615.675161,615.675161
2017,Netherlands,566.978414,566.978414
2018,Netherlands,669.2762359999999,669.2762359999999
2019,Netherlands,570.323522,570.323522
2020,Netherlands,541.030567,470.120126
2021,Netherlands,587.271103,406.276904
2022,Netherlands,692.634673,463.03176099999996
2023,Netherlands,626.603658,510.00983099999996
