year,donor_name,Health ODA (including COVID-19),Health ODA
2015,Netherlands,491.0687422282414,491.0687422282414
2016,Netherlands,561.1262886059208,561.1262886059208
2017,Netherlands,513.0865622467547,513.0865622467547
2018,Netherlands,609.3613245887705,609.3613245887705
2019,Netherlands,517.6120281028894,517.6120281028894
2020,Netherlands,491.2570243726179,425.8356057535989
2021,Netherlands,537.3213081828112,372.8427146066943
2022,Netherlands,638.3987111458914,433.15079505784223
