year,donor_name,Health ODA (including COVID-19),Health ODA
2015,Netherlands,527.0908958295597,527.0908958295597
2016,Netherlands,602.2874895191553,602.2874895191553
2017,Netherlands,550.7238246596492,550.7238246596492
2018,Netherlands,654.0607897009127,654.0607897009127
2019,Netherlands,555.5812538455107,555.5812538455107
2020,Netherlands,527.292988956506,457.0726080684111
2021,Netherlands,576.7363016450496,400.1924454565013
2022,Netherlands,685.2281994960565,464.92440261199414
2023,Netherlands,620.2307959254852,510.84694758688363
