year,donor_name,Health ODA (including COVID-19),Health ODA
2015,United States,10568.782613475867,10568.782613475867
2016,United States,12854.628995515392,12854.628995515392
2017,United States,12795.78912007404,12795.78912007404
2018,United States,11930.626656231738,11930.626656231738
2019,United States,9403.464769627119,9403.464769627119
2020,United States,11961.295037761676,10679.096337788702
2021,United States,16105.502064219228,13403.4904926618
2022,United States,17296.187174749815,11145.050673694375
2023,United States,9426.757313660999,7985.844189824122
