year,donor_name,Health ODA (including COVID-19),Health ODA
2015,United States,10730.163438,10730.163438
2016,United States,13010.356612,13010.356612
2017,United States,12945.394262,12945.394262
2018,United States,12058.628755,12058.628755
2019,United States,9526.788944,9526.788944
2020,United States,12138.970199,10855.511752
2021,United States,16225.428748,13519.447539
2022,United States,17504.713551,11347.61843
2023,United States,9625.559652,8168.729858
