year,donor_name,Health ODA (including COVID-19),Health ODA
2015,United Kingdom,1877.6570680235332,1877.6570680235332
2016,United Kingdom,1863.0530101738625,1863.0530101738625
2017,United Kingdom,2359.4839448501016,2359.4839448501016
2018,United Kingdom,2442.0053789620324,2442.0053789620324
2019,United Kingdom,2424.7998771267653,2424.7998771267653
2020,United Kingdom,2126.508377218331,1953.9617395354348
2021,United Kingdom,1648.932390439333,1363.5124145183352
2022,United Kingdom,1324.9437845094194,919.9998213662088
