year,donor_name,Health ODA (including COVID-19),Health ODA
2015,United Kingdom,2039.298339,2039.298339
2016,United Kingdom,2031.570741,2031.570741
2017,United Kingdom,2565.10603,2565.10603
2018,United Kingdom,2646.257001,2646.257001
2019,United Kingdom,2660.69821,2660.69821
2020,United Kingdom,2759.957119,2108.901016
2021,United Kingdom,2075.824907,1491.924063
2022,United Kingdom,1707.5789519999998,990.971088
2023,United Kingdom,2295.4029960000003,1420.523409
