year,donor_name,Health ODA (including COVID-19),Health ODA
2015,United States,10340.985995354798,10340.985995354798
2016,United States,12538.478118009614,12538.478118009614
2017,United States,12475.872959097393,12475.872959097393
2018,United States,11621.26943462933,11621.26943462933
2019,United States,9181.257580355052,9181.257580355052
2020,United States,11698.696690218867,10461.788556108344
2021,United States,15636.941783310704,13029.10496943651
2022,United States,16869.827722622125,10936.046886910717
