year,donor_name,Health ODA (including COVID-19),Health ODA
2015,United Kingdom,1786.548004790358,1786.548004790358
2016,United Kingdom,1721.2902391426578,1721.2902391426578
2017,United Kingdom,2086.205448368947,2086.205448368947
2018,United Kingdom,2182.4139374338715,2182.4139374338715
2019,United Kingdom,2086.1200910150214,2086.1200910150214
2020,United Kingdom,2654.603098473847,2005.7249579914564
2021,United Kingdom,1948.326157813416,1378.858431810018
2022,United Kingdom,1666.5919570175747,961.5827700449
2023,United Kingdom,2094.7992652962525,1240.2704857619378
